{
  "project_info": {
    "project_number": "101739075496",
    "project_id": "clientes-e0cda",
    "storage_bucket": "clientes-e0cda.appspot.com"
  },
  "client": [
    {
      "client_info": {
        "mobilesdk_app_id": "1:101739075496:android:11a254a82f252c38b96f9d",
        "android_client_info": {
          "package_name": "com.example.firebase_3"
        }
      },
      "oauth_client": [],
      "api_key": [
        {
          "current_key": "AIzaSyAh1Uyxo2Tq51tR95kGT0jjL3-8uFBHCqk"
        }
      ],
      "services": {
        "appinvite_service": {
          "other_platform_oauth_client": []
        }
      }
    }
  ],
  "configuration_version": "1"
}